{
  "products": [
    {
      "id": 1,
      "name": "Classic White T-Shirt",
      "description": "Soft cotton everyday basic",
      "price": 19.99,
      "category": "T-Shirts",
      "imageUrl": "https://encrypted-tbn0.gstatic.com/images?q=tbn:ANd9GcSBikM-cVi5hPRMn3lf0DBCxxQZAz-j51OIjw&s",
      "inStock": true,
      "rating": 4.7
    },
    {
      "id": 2,
      "name": "Denim Jacket",
      "description": "Timeless style with distressed details",
      "price": 79.99,
      "category": "Jackets",
      "imageUrl": "https://cdn-images.farfetch-contents.com/24/50/80/50/24508050_54930144_600.jpg",
      "inStock": true,
      "rating": 4.5
    },
    {
      "id": 3,
      "name": "Black Hoodie",
      "description": "Cozy fleece-lined comfort",
      "price": 49.99,
      "category": "Hoodies",
      "imageUrl": "https://www.shutterstock.com/image-photo/template-black-oversized-hoodie-unfolded-600nw-2489688971.jpg",
      "inStock": true,
      "rating": 4.8
    },
    {
      "id": 4,
      "name": "Floral Summer Dress",
      "description": "Light and breezy for warm days",
      "price": 59.99,
      "category": "Dresses",
      "imageUrl": "https://encrypted-tbn3.gstatic.com/shopping?q=tbn:ANd9GcTVpja4vevxFhtivdECPLQtj3IdUOeylfQ8K6tVYvl4IjfEEblfw5Jv7VUw8HAxNXn8rQvF1-7huUH7qXsplBMSaz9kuL_RW8cpgPrX1dMayI54MGgdpGYgWoURW9rEw1mPSJvJ5A&usqp=CAc",
      "inStock": true,
      "rating": 4.6
    },
    {
      "id": 5,
      "name": "Leather Boots",
      "description": "Premium leather built to last",
      "price": 129.99,
      "category": "Footwear",
      "imageUrl": "https://encrypted-tbn0.gstatic.com/images?q=tbn:ANd9GcTeAbTQysRnFZyPCAwtis5a2-xdT-bwujz6dA&s",
      "inStock": true,
      "rating": 4.9
    },
    {
      "id": 6,
      "name": "Striped Polo Shirt",
      "description": "Smart casual perfection",
      "price": 39.99,
      "category": "Polo Shirts",
      "imageUrl": "https://encrypted-tbn0.gstatic.com/images?q=tbn:ANd9GcSZRo7dez3t1aZYxy7_FdfUTinwXEg4FKx2AA&s",
      "inStock": true,
      "rating": 4.4
    }
  ]
}