{
  "hash": "191b5014",
  "configHash": "8348041b",
  "lockfileHash": "b2e3c524",
  "browserHash": "6093a68a",
  "optimized": {
    "@angular/common": {
      "src": "../../../../../../node_modules/@angular/common/fesm2022/common.mjs",
      "file": "@angular_common.js",
      "fileHash": "3ca75b4c",
      "needsInterop": false
    },
    "@angular/common/http": {
      "src": "../../../../../../node_modules/@angular/common/fesm2022/http.mjs",
      "file": "@angular_common_http.js",
      "fileHash": "514dfa3f",
      "needsInterop": false
    },
    "@angular/core": {
      "src": "../../../../../../node_modules/@angular/core/fesm2022/core.mjs",
      "file": "@angular_core.js",
      "fileHash": "9eab98c9",
      "needsInterop": false
    },
    "@angular/forms": {
      "src": "../../../../../../node_modules/@angular/forms/fesm2022/forms.mjs",
      "file": "@angular_forms.js",
      "fileHash": "cdaed193",
      "needsInterop": false
    },
    "@angular/platform-browser": {
      "src": "../../../../../../node_modules/@angular/platform-browser/fesm2022/platform-browser.mjs",
      "file": "@angular_platform-browser.js",
      "fileHash": "4c18a015",
      "needsInterop": false
    },
    "@angular/router": {
      "src": "../../../../../../node_modules/@angular/router/fesm2022/router.mjs",
      "file": "@angular_router.js",
      "fileHash": "0fd86258",
      "needsInterop": false
    },
    "rxjs": {
      "src": "../../../../../../node_modules/rxjs/dist/esm5/index.js",
      "file": "rxjs.js",
      "fileHash": "e6febe3e",
      "needsInterop": false
    }
  },
  "chunks": {
    "chunk-B76FIUOV": {
      "file": "chunk-B76FIUOV.js"
    },
    "chunk-TLIBQLOE": {
      "file": "chunk-TLIBQLOE.js"
    },
    "chunk-LFS52PQT": {
      "file": "chunk-LFS52PQT.js"
    },
    "chunk-LLD54KCW": {
      "file": "chunk-LLD54KCW.js"
    },
    "chunk-J7E7XU2A": {
      "file": "chunk-J7E7XU2A.js"
    },
    "chunk-PJVWDKLX": {
      "file": "chunk-PJVWDKLX.js"
    }
  }
}