{
  "hash": "29a9842c",
  "configHash": "25734a07",
  "lockfileHash": "b2e3c524",
  "browserHash": "44e9b2c7",
  "optimized": {
    "@angular/core": {
      "src": "../../../../../../node_modules/@angular/core/fesm2022/core.mjs",
      "file": "@angular_core.js",
      "fileHash": "fc25dd68",
      "needsInterop": false
    },
    "@angular/forms": {
      "src": "../../../../../../node_modules/@angular/forms/fesm2022/forms.mjs",
      "file": "@angular_forms.js",
      "fileHash": "8c5ce5d7",
      "needsInterop": false
    },
    "@angular/platform-browser": {
      "src": "../../../../../../node_modules/@angular/platform-browser/fesm2022/platform-browser.mjs",
      "file": "@angular_platform-browser.js",
      "fileHash": "6e3ed942",
      "needsInterop": false
    },
    "@angular/common": {
      "src": "../../../../../../node_modules/@angular/common/fesm2022/common.mjs",
      "file": "@angular_common.js",
      "fileHash": "4a7b6f6d",
      "needsInterop": false
    }
  },
  "chunks": {
    "chunk-P6EAF2NJ": {
      "file": "chunk-P6EAF2NJ.js"
    },
    "chunk-Q4XHKFCW": {
      "file": "chunk-Q4XHKFCW.js"
    }
  }
}