{
  "products": [
    {
      "id": 1,
      "name": "Classic White T-Shirt",
      "description": "Soft cotton everyday basic",
      "price": 19.99,
      "category": "T-Shirts",
      "imageUrl": "assets/classic-white-tshirt.jpg",
      "inStock": true,
      "rating": 4.7
    },
    {
      "id": 2,
      "name": "Denim Jacket",
      "description": "Timeless style with distressed details",
      "price": 79.99,
      "category": "Jackets",
      "imageUrl": "assets/denim-jacket.jpg",
      "inStock": true,
      "rating": 4.5
    },
    {
      "id": 3,
      "name": "Black Hoodie",
      "description": "Cozy fleece-lined comfort",
      "price": 49.99,
      "category": "Hoodies",
      "imageUrl": "assets/black-hoodie.jpg",
      "inStock": true,
      "rating": 4.8
    },
    {
      "id": 4,
      "name": "Floral Summer Dress",
      "description": "Light and breezy for warm days",
      "price": 59.99,
      "category": "Dresses",
      "imageUrl": "assets/floral-dress.jpg",
      "inStock": true,
      "rating": 4.6
    },
    {
      "id": 5,
      "name": "Leather Boots",
      "description": "Premium leather built to last",
      "price": 129.99,
      "category": "Footwear",
      "imageUrl": "assets/leather-boots.jpg",
      "inStock": true,
      "rating": 4.9
    },
    {
      "id": 6,
      "name": "Striped Polo Shirt",
      "description": "Smart casual perfection",
      "price": 39.99,
      "category": "Polo Shirts",
      "imageUrl": "assets/striped-polo-shirt.jpg",
      "inStock": true,
      "rating": 4.4
    }
  ]
}